timestamp,direction,expected_dir_return
1765310400000,cold,0.0560300737601264
1765987200000,cold,-0.01770920753935236
1766088000000,hot,0.038853712404437815
1768190400000,cold,0.037277335080516366
1769716800000,hot,-0.2171052009824908
1770148800000,hot,-0.1091021128224404
1770350400000,hot,0.04579237079067478
1770364800000,hot,0.01031181732554595
1771819200000,hot,0.02419975214883687
1774267200000,cold,0.0023186449223658277
1776182400000,cold,-0.028398001810216275
1779120000000,hot,-0.06932144342762056
1779811200000,cold,0.18347854099826438
1782244800000,hot,0.010033064704197354
1782331200000,hot,0.019843645804323327
1782403200000,hot,0.0662188132164531
1782864000000,hot,0.09451269005777822
1783353600000,hot,0.02201933775682277
1786492800000,hot,0.2389424144117725
1787587200000,cold,-0.0077175651997258305
1788868800000,hot,0.095167798844165
1789142400000,hot,0.0871309050628956
