day,ret72,ret24,ret48,period,n_springs
2022-05-10 00:00:00+00:00,-10.10000000000001,-9.251919076281851,-10.10000000000001,IS,57
2022-05-26 00:00:00+00:00,-0.8452598094234555,-3.3482234402182987,-1.4134907680661706,IS,15
2022-06-13 00:00:00+00:00,0.008445716141611968,3.320332477763744,-1.5143324698126335,IS,25
2022-07-13 00:00:00+00:00,11.814691030896638,6.9889269342563765,9.90080679119434,IS,34
2023-05-09 00:00:00+00:00,-1.3607609346557692,0.9975671504721035,1.8153999798859564,IS,16
2023-11-10 00:00:00+00:00,7.908312742065773,4.8691781544743575,6.305755227648185,IS,63
2024-01-08 00:00:00+00:00,13.160613678703914,5.251289492587135,2.877763201277617,IS,15
2024-01-20 00:00:00+00:00,-5.094275675208898,1.4082107432642967,-0.020036133896989106,IS,17
2024-04-14 00:00:00+00:00,2.8675892034120145,6.46597972768363,1.7625430734871643,IS,124
2024-08-02 00:00:00+00:00,-9.859103641456581,-6.312163526244567,-9.416187621545431,IS,14
2024-08-05 00:00:00+00:00,12.752013459682015,9.450658146749984,9.986099129668476,IS,80
2024-09-04 00:00:00+00:00,-2.0506246422055034,1.1319063953060309,-0.7342862282987678,IS,14
2025-01-20 00:00:00+00:00,-6.616108054741152,-7.068452693646701,-4.981290655065353,OOS,70
2025-01-27 00:00:00+00:00,3.5309069370393176,1.414777041261317,-2.516194639361875,OOS,22
2025-02-03 00:00:00+00:00,-4.842583659939938,-0.23130727901220483,0.6126915245005131,OOS,68
2025-02-25 00:00:00+00:00,-2.548157946005349,3.7712013177590853,6.577960159384766,OOS,27
2025-03-11 00:00:00+00:00,6.05277008930658,3.3102504785604534,3.933991230003267,OOS,22
2025-04-03 00:00:00+00:00,-2.8289454908692764,-1.7429610689806347,-1.13173450242598,OOS,18
2025-04-07 00:00:00+00:00,3.6503928446277283,3.6467659898979363,-1.0747799915924299,OOS,37
2025-06-23 00:00:00+00:00,7.568673307959073,9.517636858151809,10.68793789686046,OOS,23
2025-08-22 00:00:00+00:00,-9.344006877914701,-0.8474246189284016,-2.8407798681573957,OOS,27
2025-10-30 00:00:00+00:00,-3.009025239512749,-6.251285523480029,-4.616731843897804,OOS,11
2025-11-05 00:00:00+00:00,14.750571118150585,2.5268200398184546,3.6115357371713115,OOS,25
2026-01-26 00:00:00+00:00,-0.9101896258392085,-0.15880573325580122,1.2575393628484444,OOS,10
2026-02-01 00:00:00+00:00,-2.210355480062296,-2.8259354489107142,-0.22606129184564183,OOS,21
2026-02-06 00:00:00+00:00,4.314020825392709,4.896230886752955,6.785657097265212,OOS,53
2026-02-23 00:00:00+00:00,4.8600125472663285,-4.65451965236739,-1.0508424271929335,OOS,18
2026-06-25 00:00:00+00:00,-0.8480920409168966,0.15271637732959079,0.7607274412683751,OOS,21
2026-09-11 00:00:00+00:00,2.23012174760811,-0.3517550560384261,-0.5577982718925275,OOS,8
2023-06-06 00:00:00+00:00,-0.8850588713035615,3.553973624119184,-1.626708883128314,IS,27
2023-08-23 00:00:00+00:00,-0.4928885110228454,2.214181897828998,0.09954653547752083,IS,18
2023-12-04 00:00:00+00:00,6.868749505220145,4.270806487487893,5.647805260570129,IS,27
2024-01-24 00:00:00+00:00,5.236238071273888,2.361378764401572,0.7845564958997272,IS,24
2024-02-29 00:00:00+00:00,14.574973010980697,0.8920977311310514,8.992226191346084,IS,61
2024-03-06 00:00:00+00:00,11.727821892735047,9.114181726933376,12.707738161694355,IS,41
2024-10-02 00:00:00+00:00,-2.2853955015464864,-3.0524840332903644,-4.188844781770511,IS,28
2025-01-13 00:00:00+00:00,19.491508145680083,7.765018235800332,15.680046408964921,OOS,40
2026-06-01 00:00:00+00:00,-10.1,-5.805073109676509,-9.129044851258932,OOS,7
2022-04-18 00:00:00+00:00,1.7910115063752805,4.349735634818037,2.1476995447433698,IS,17
2022-10-13 00:00:00+00:00,0.5681168730930284,-0.15718019620028023,-0.5992328345454218,IS,36
2023-08-17 00:00:00+00:00,-10.099999999999998,-10.099999999999998,-10.099999999999998,IS,13
2024-06-24 00:00:00+00:00,6.095280867034818,6.594623181472576,3.8122071396191424,IS,20
2024-12-20 00:00:00+00:00,0.1886008740094531,3.5265562355178197,0.7387959348052515,IS,53
2025-06-06 00:00:00+00:00,3.590542651699268,2.863088068391933,3.367791609934744,OOS,15
2023-06-30 00:00:00+00:00,8.575258132586711,2.4440319171702485,2.607123591179293,IS,29
2023-12-11 00:00:00+00:00,4.308181537770796,2.5634457834331297,-1.64494135756316,IS,18
2025-01-14 00:00:00+00:00,10.238007099998548,4.993128169493735,12.8981939252925,OOS,21
2022-01-23 00:00:00+00:00,-5.898304409451508,4.075634511458739,-6.899190746778105,IS,18
2026-01-30 00:00:00+00:00,-10.1,-2.4529080602598228,-10.1,OOS,8
